{"schemaVersion":"1.0","appDefinitionTemplate":{"id":"/providers/Microsoft.PowerApps/apps/","type":"Microsoft.PowerApps/apps","tags":{"sp-site-id":"https://20road.sharepoint.com/sites/Printers","sp-list-id":"76204797-7464-41fc-8de3-e18057c7be78","https://20road.sharepoint.com/sites/Printers":"76204797-7464-41fc-8de3-e18057c7be78","primaryDeviceWidth":"1136","primaryDeviceHeight":"640","sienaVersion":"20210504T001418Z-3.21043.23.0","deviceCapabilities":"","supportsPortrait":"false","supportsLandscape":"true","primaryFormFactor":"Phone","publisherVersion":"3.21043.23","minimumRequiredApiVersion":"2.2.0","hasComponent":"false","hasUnlockedComponent":"false","isUnifiedRootApp":"false"},"properties":{"appVersion":"2021-05-04T00:14:18Z","lifeCycleId":"Published","createdByClientVersion":{"major":3,"minor":21043,"build":23,"revision":0,"majorRevision":0,"minorRevision":0},"minClientVersion":{"major":3,"minor":21043,"build":23,"revision":0,"majorRevision":0,"minorRevision":0},"backgroundColor":"rgba(0, 138, 0, 1)","backgroundImageUri":"/13897592154692606141/Nebaea6bb-4c21-4f99-9b72-52cbbd0114e9-logoSmallFile","displayName":"Printer List","description":"Add printers using the SetupPrinters ","commitMessage":"","appUris":{"documentUri":{"value":"/13897592154692606141/N687354d7-aeed-4237-af91-7980a56f974a-document.msapp"},"imageUris":[]},"createdTime":"0001-01-01T00:00:00Z","lastModifiedTime":"0001-01-01T00:00:00Z","sharedGroupsCount":0,"sharedUsersCount":0,"icons":{"smallIconUri":"/13897592154692606141/Ne1e5c934-fbc7-454d-abb1-4e5d4ccb0efd-small.png","mediumIconUri":"/13897592154692606141/N8fdc8a95-9012-48aa-9958-cce3236a3fbc-medium.png","largeIconUri":"/13897592154692606141/N349c5875-a315-47fe-95bb-0530e85a32e5-large.png","wideIconUri":"/13897592154692606141/Nceb496a5-c170-4b58-8620-765f3874f993-wide.png"},"connectionReferences":{"13d50893-55f7-415a-bd0e-7dc93480f952":{"id":"29d11239-8d67-4d9b-91f4-81ab713da460","displayName":"SharePoint","iconUri":"https://connectoricons-prod.azureedge.net/releases/v1.0.1463/1.0.1463.2403/sharepointonline/icon.png","dataSources":["Available Printers"],"dependencies":[],"dependents":[],"parameterHints":{},"isOnPremiseConnection":false,"bypassConsent":false,"dataSets":{"https://20road.sharepoint.com/sites/Printers":{"dataSources":{"Available Printers":{"tableName":"76204797-7464-41fc-8de3-e18057c7be78"}}}},"apiTier":"Standard","isCustomApiConnection":false}},"databaseReferences":{},"almMode":"Environment","performanceOptimizationEnabled":true,"canConsumeAppPass":true,"executionRestrictions":{"isTeamsOnly":false,"dataLossPreventionEvaluationResult":{"status":"Compliant","lastEvaluationDate":"2021-03-26T08:25:58.9853713Z","violationDetails":[]}}},"isAppComponentLibrary":false,"appType":"ClassicCanvasApp","appComponents":[]}}